0.183, B, K_{a1}
0.183, B, K_{a2}
0.251, Ar, L_{b1}
0.277, C, K_{a1}
0.277, C, K_{a2}
0.296, K, L_{b1}
0.31, Ar, L_{b3}
0.31, Ar, L_{b4}
0.348, Sc, L_{l}
0.35, Ca, L_{b1}
0.353, Sc, L_{h}
0.359, K, L_{b4}
0.359, K, L_{b3}
0.392, N, K_{a2}
0.392, N, K_{a1}
0.395, Ti, L_{l}
0.396, Sc, L_{a1}
0.396, Sc, L_{a2}
0.4, Sc, L_{b1}
0.401, Ti, L_{h}
0.402, Sc, L_{b6}
0.412, Ca, L_{b3}
0.412, Ca, L_{b4}
0.446, V, L_{l}
0.452, Ti, L_{a1}
0.452, Ti, L_{a2}
0.454, V, L_{h}
0.456, Ti, L_{b6}
0.458, Ti, L_{b1}
0.468, Sc, L_{b4}
0.468, Sc, L_{b3}
0.5, Cr, L_{l}
0.51, Cr, L_{h}
0.511, V, L_{a1}
0.511, V, L_{a2}
0.513, V, L_{b6}
0.518, V, L_{b1}
0.525, O, K_{a2}
0.525, O, K_{a1}
0.529, Ti, L_{b3}
0.529, Ti, L_{b4}
0.556, Mn, L_{l}
0.568, Mn, L_{h}
0.572, Cr, L_{a2}
0.572, Cr, L_{a1}
0.575, Cr, L_{b6}
0.581, Cr, L_{b1}
0.59, V, L_{b4}
0.59, V, L_{b3}
0.615, Fe, L_{l}
0.628, Fe, L_{h}
0.637, Mn, L_{a2}
0.637, Mn, L_{a1}
0.64, Mn, L_{b6}
0.648, Mn, L_{b1}
0.651, F, K_{a3}
0.652, Cr, L_{b3}
0.652, Cr, L_{b4}
0.677, F, K_{a1}
0.677, F, K_{a2}
0.678, Co, L_{l}
0.693, Co, L_{h}
0.705, Fe, L_{a1}
0.705, Fe, L_{a2}
0.708, Fe, L_{b6}
0.717, Fe, L_{b1}
0.72, Mn, L_{b4}
0.72, Mn, L_{b3}
0.743, Ni, L_{l}
0.76, Ni, L_{h}
0.776, Co, L_{a1}
0.776, Co, L_{a2}
0.779, Co, L_{b6}
0.791, Co, L_{b1}
0.792, Fe, L_{b4}
0.792, Fe, L_{b3}
0.811, Cu, L_{l}
0.822, Ne, K_{a3}
0.831, Cu, L_{h}
0.848, Ne, K_{a2}
0.849, Ne, K_{a1}
0.851, Ni, L_{a2}
0.851, Ni, L_{a1}
0.855, Ni, L_{b6}
0.866, Co, L_{b4}
0.866, Co, L_{b3}
0.868, Ni, L_{b1}
0.884, Zn, L_{l}
0.907, Zn, L_{h}
0.929, Cu, L_{a2}
0.929, Cu, L_{a1}
0.931, Cu, L_{b6}
0.94, Ni, L_{b4}
0.94, Ni, L_{b3}
0.949, Cu, L_{b1}
0.957, Ga, L_{l}
0.984, Ga, L_{h}
1.009, Na, K_{a3}
1.012, Zn, L_{a2}
1.012, Zn, L_{a1}
1.02, Zn, L_{b6}
1.022, Cu, L_{b3}
1.022, Cu, L_{b4}
1.035, Zn, L_{b1}
1.037, Ge, L_{l}
1.041, Na, K_{a1}
1.041, Na, K_{a2}
1.068, Ge, L_{h}
1.098, Ga, L_{a1}
1.098, Ga, L_{a2}
1.107, Zn, L_{b3}
1.107, Zn, L_{b4}
1.114, Ga, L_{b6}
1.12, As, L_{l}
1.125, Ga, L_{b1}
1.155, As, L_{h}
1.188, Ge, L_{a2}
1.188, Ge, L_{a1}
1.191, Ga, L_{b4}
1.195, Ga, L_{b3}
1.204, Se, L_{l}
1.212, Ge, L_{b6}
1.216, Mg, K_{a3}
1.219, Ge, L_{b1}
1.245, Se, L_{h}
1.254, Mg, K_{a2}
1.254, Mg, K_{a1}
1.282, As, L_{a1}
1.282, As, L_{a2}
1.286, Ge, L_{b4}
1.293, Ge, L_{b3}
1.293, Br, L_{l}
1.297, Ga, L_{g2}
1.297, Ga, L_{g3}
1.315, As, L_{b6}
1.317, As, L_{b1}
1.339, Br, L_{h}
1.379, Se, L_{a2}
1.379, Se, L_{a1}
1.38, As, L_{b4}
1.383, Kr, L_{l}
1.386, As, L_{b3}
1.412, Ge, L_{g3}
1.412, Ge, L_{g2}
1.419, Se, L_{b1}
1.424, Se, L_{b6}
1.435, Kr, L_{h}
1.442, Al, K_{a3}
1.48, Br, L_{a2}
1.481, Br, L_{a1}
1.482, Rb, L_{l}
1.486, Al, K_{a2}
1.486, Se, L_{b4}
1.487, Al, K_{a1}
1.492, Se, L_{b3}
1.523, Br, L_{b6}
1.524, As, L_{g3}
1.524, As, L_{g2}
1.526, Br, L_{b1}
1.542, Rb, L_{h}
1.554, Al, K_{b1}
1.554, Al, K_{b3}
1.58, Kr, L_{a2}
1.581, Kr, L_{a1}
1.582, Sr, L_{l}
1.593, Br, L_{b4}
1.6, Br, L_{b3}
1.632, Kr, L_{b1}
1.647, Kr, L_{b6}
1.648, Se, L_{g2}
1.648, Se, L_{g3}
1.649, Sr, L_{h}
1.686, Y, L_{l}
1.69, Si, K_{a3}
1.693, Rb, L_{a2}
1.694, Rb, L_{a1}
1.699, Kr, L_{b4}
1.707, Kr, L_{b3}
1.739, Si, K_{a2}
1.74, Si, K_{a1}
1.752, Rb, L_{b1}
1.762, Y, L_{h}
1.775, Rb, L_{b6}
1.777, Br, L_{g2}
1.777, Br, L_{g3}
1.792, Zr, L_{l}
1.805, Sr, L_{a2}
1.806, Sr, L_{a1}
1.818, Rb, L_{b4}
1.827, Rb, L_{b3}
1.836, Si, K_{b3}
1.836, Si, K_{b1}
1.872, Sr, L_{b1}
1.876, Zr, L_{h}
1.902, Nb, L_{l}
1.902, Sr, L_{b6}
1.906, Kr, L_{g2}
1.907, Kr, L_{g3}
1.92, Y, L_{a2}
1.923, Y, L_{a1}
1.937, Sr, L_{b4}
1.947, Sr, L_{b3}
1.956, P, K_{a3}
1.996, Y, L_{b1}
1.996, Nb, L_{h}
2.009, P, K_{a2}
2.01, P, K_{a1}
2.016, Mo, L_{l}
2.035, Y, L_{b6}
2.04, Zr, L_{a2}
2.042, Zr, L_{a1}
2.05, Rb, L_{g2}
2.051, Rb, L_{g3}
2.06, Y, L_{b4}
2.072, Y, L_{b3}
2.078, Y, L_{b2}
2.12, Mo, L_{h}
2.124, Zr, L_{b1}
2.133, Tc, L_{l}
2.136, P, K_{b3}
2.136, P, K_{b1}
2.153, Y, L_{g1}
2.163, Nb, L_{a2}
2.166, Nb, L_{a1}
2.171, Zr, L_{b6}
2.187, Zr, L_{b4}
2.196, Sr, L_{g2}
2.196, Sr, L_{g3}
2.201, Zr, L_{b3}
2.219, Zr, L_{b2}
2.243, S, K_{a3}
2.249, Tc, L_{h}
2.253, Ru, L_{l}
2.257, Nb, L_{b1}
2.29, Mo, L_{a2}
2.293, Mo, L_{a1}
2.304, Zr, L_{g1}
2.307, S, K_{a2}
2.308, S, K_{a1}
2.312, Nb, L_{b6}
2.319, Nb, L_{b4}
2.335, Nb, L_{b3}
2.347, Y, L_{g3}
2.347, Y, L_{g2}
2.367, Nb, L_{b2}
2.377, Rh, L_{l}
2.382, Ru, L_{h}
2.395, Mo, L_{b1}
2.42, Tc, L_{a2}
2.424, Tc, L_{a1}
2.456, Mo, L_{b4}
2.458, Mo, L_{b6}
2.461, Nb, L_{g1}
2.464, S, K_{b3}
2.464, S, K_{b1}
2.473, Mo, L_{b3}
2.503, Zr, L_{g3}
2.503, Zr, L_{g2}
2.503, Pd, L_{l}
2.518, Mo, L_{b2}
2.519, Rh, L_{h}
2.537, Tc, L_{b1}
2.552, Cl, K_{a3}
2.554, Ru, L_{a2}
2.558, Ru, L_{a1}
2.598, Tc, L_{b4}
2.609, Tc, L_{b6}
2.618, Tc, L_{b3}
2.621, Cl, K_{a2}
2.622, Cl, K_{a1}
2.623, Mo, L_{g1}
2.634, Ag, L_{l}
2.66, Pd, L_{h}
2.664, Nb, L_{g2}
2.664, Nb, L_{g3}
2.675, Tc, L_{b2}
2.683, Ru, L_{b1}
2.692, Rh, L_{a2}
2.697, Rh, L_{a1}
2.741, Ru, L_{b4}
2.763, Ru, L_{b6}
2.763, Ru, L_{b3}
2.767, Cd, L_{l}
2.791, Tc, L_{g1}
2.806, Ag, L_{h}
2.816, Cl, K_{b3}
2.816, Cl, K_{b1}
2.831, Mo, L_{g3}
2.831, Mo, L_{g2}
2.833, Pd, L_{a2}
2.834, Rh, L_{b1}
2.836, Ru, L_{b2}
2.839, Pd, L_{a1}
2.88, Ar, K_{a3}
2.891, Rh, L_{b4}
2.905, In, L_{l}
2.916, Rh, L_{b3}
2.923, Rh, L_{b6}
2.955, Ar, K_{a2}
2.957, Ar, K_{a1}
2.957, Cd, L_{h}
2.965, Ru, L_{g1}
2.978, Ag, L_{a2}
2.984, Ag, L_{a1}
2.99, Pd, L_{b1}
3.001, Rh, L_{b2}
3.004, Tc, L_{g2}
3.004, Tc, L_{g3}
3.045, Pd, L_{b4}
3.045, Sn, L_{l}
3.073, Pd, L_{b3}
3.087, Pd, L_{b6}
3.112, In, L_{h}
3.127, Cd, L_{a2}
3.134, Cd, L_{a1}
3.144, Rh, L_{g1}
3.151, Ag, L_{b1}
3.172, Pd, L_{b2}
3.181, Ru, L_{g3}
3.181, Ru, L_{g2}
3.188, Sb, L_{l}
3.19, Ar, K_{b3}
3.19, Ar, K_{b1}
3.203, Ag, L_{b4}
3.23, K, K_{a3}
3.234, Ag, L_{b3}
3.256, Ag, L_{b6}
3.272, Sn, L_{h}
3.279, In, L_{a2}
3.287, In, L_{a1}
3.311, K, K_{a2}
3.314, K, K_{a1}
3.316, Cd, L_{b1}
3.329, Pd, L_{g1}
3.335, Te, L_{l}
3.348, Ag, L_{b2}
3.364, Rh, L_{g3}
3.364, Rh, L_{g2}
3.367, Cd, L_{b4}
3.402, Cd, L_{b3}
3.43, Cd, L_{b6}
3.436, Sn, L_{a2}
3.437, Sb, L_{h}
3.444, Sn, L_{a1}
3.485, I, L_{l}
3.487, In, L_{b1}
3.52, Ag, L_{g1}
3.528, Cd, L_{b2}
3.535, In, L_{b4}
3.553, Pd, L_{g2}
3.553, Pd, L_{g3}
3.573, In, L_{b3}
3.59, K, K_{b3}
3.59, K, K_{b1}
3.595, Sb, L_{a2}
3.6, Ca, K_{a3}
3.605, Sb, L_{a1}
3.606, Te, L_{h}
3.608, In, L_{b6}
3.633, Xe, L_{l}
3.663, Sn, L_{b1}
3.688, Ca, K_{a2}
3.692, Ca, K_{a1}
3.708, Sn, L_{b4}
3.714, In, L_{b2}
3.718, Cd, L_{g1}
3.743, Ag, L_{g2}
3.75, Ag, L_{g3}
3.75, Sn, L_{b3}
3.759, Te, L_{a2}
3.769, Te, L_{a1}
3.78, I, L_{h}
3.792, Sn, L_{b6}
3.795, Cs, L_{l}
3.844, Sb, L_{b1}
3.886, Sb, L_{b4}
3.905, Sn, L_{b2}
3.922, In, L_{g1}
3.926, I, L_{a2}
3.933, Sb, L_{b3}
3.938, I, L_{a1}
3.951, Cd, L_{g3}
3.951, Cd, L_{g2}
3.954, Ba, L_{l}
3.955, Xe, L_{h}
3.98, Sb, L_{b6}
3.992, Sc, K_{a3}
4.013, Ca, K_{b1}
4.013, Ca, K_{b3}
4.03, Te, L_{b1}
4.038, Ca, K_{b4}
4.069, Te, L_{b4}
4.086, Sc, K_{a2}
4.091, Sc, K_{a1}
4.093, Xe, L_{a2}
4.101, Sb, L_{b2}
4.105, Xe, L_{a1}
4.121, Te, L_{b3}
4.121, La, L_{l}
4.132, Sn, L_{g1}
4.142, Cs, L_{h}
4.16, In, L_{g2}
4.16, In, L_{g3}
4.173, Te, L_{b6}
4.221, I, L_{b1}
4.258, I, L_{b4}
4.272, Cs, L_{a2}
4.286, Cs, L_{a1}
4.289, Ce, L_{l}
4.302, Te, L_{b2}
4.313, I, L_{b3}
4.331, Ba, L_{h}
4.349, Sb, L_{g1}
4.371, I, L_{b6}
4.376, Sn, L_{g2}
4.376, Sn, L_{g3}
4.403, Ti, K_{a3}
4.414, Xe, L_{b1}
4.451, Xe, L_{b4}
4.451, Ba, L_{a2}
4.453, Pr, L_{l}
4.461, Sc, K_{b3}
4.461, Sc, K_{b1}
4.466, Ba, L_{a1}
4.486, Sc, K_{b5}
4.493, Sc, K_{b4}
4.505, Ti, K_{a2}
4.507, I, L_{b2}
4.511, Ti, K_{a1}
4.512, Xe, L_{b3}
4.529, La, L_{h}
4.569, Xe, L_{b6}
4.572, Te, L_{g1}
4.6, Sb, L_{g3}
4.6, Sb, L_{g2}
4.62, Cs, L_{b1}
4.633, Nd, L_{l}
4.634, La, L_{a2}
4.649, Cs, L_{b4}
4.651, La, L_{a1}
4.714, Xe, L_{b2}
4.717, Cs, L_{b3}
4.73, Ce, L_{h}
4.781, Cs, L_{b6}
4.802, I, L_{g1}
4.809, Pm, L_{l}
4.822, Ce, L_{a2}
4.827, Ba, L_{b1}
4.829, Te, L_{g2}
4.829, Te, L_{g3}
4.837, V, K_{a3}
4.84, Ce, L_{a1}
4.852, Ba, L_{b4}
4.927, Ba, L_{b3}
4.929, Pr, L_{h}
4.932, Ti, K_{b1}
4.932, Ti, K_{b3}
4.934, Cs, L_{b2}
4.945, V, K_{a2}
4.952, V, K_{a1}
4.963, Ti, K_{b5}
4.966, Ti, K_{b4}
4.993, Sm, L_{l}
4.994, Ba, L_{b6}
5.013, Pr, L_{a2}
5.033, Pr, L_{a1}
5.034, Xe, L_{g1}
5.042, La, L_{b1}
5.062, La, L_{b4}
5.065, I, L_{g2}
5.065, I, L_{g3}
5.143, La, L_{b3}
5.146, Nd, L_{h}
5.156, Ba, L_{b2}
5.177, Eu, L_{l}
5.208, Nd, L_{a2}
5.212, La, L_{b6}
5.23, Nd, L_{a1}
5.263, Ce, L_{b1}
5.276, Ce, L_{b4}
5.281, Cs, L_{g1}
5.295, Cr, K_{a3}
5.307, Xe, L_{g2}
5.307, Xe, L_{g3}
5.362, Gd, L_{l}
5.363, Pm, L_{h}
5.363, Ce, L_{b3}
5.384, La, L_{b2}
5.405, Cr, K_{a2}
5.408, Pm, L_{a2}
5.415, Cr, K_{a1}
5.427, V, K_{b3}
5.427, V, K_{b1}
5.432, Pm, L_{a1}
5.434, Ce, L_{b6}
5.463, V, K_{b5}
5.465, V, K_{b4}
5.483, La, L_{b5}
5.489, Pr, L_{b1}
5.497, Pr, L_{b4}
5.531, Ba, L_{g1}
5.542, Cs, L_{g2}
5.547, Tb, L_{l}
5.553, Cs, L_{g3}
5.589, Sm, L_{h}
5.593, Pr, L_{b3}
5.61, Sm, L_{a2}
5.613, Ce, L_{b2}
5.636, Sm, L_{a1}
5.66, Pr, L_{b6}
5.722, Nd, L_{b1}
5.723, Nd, L_{b4}
5.743, Dy, L_{l}
5.77, Mn, K_{a3}
5.792, La, L_{g1}
5.797, Ba, L_{g2}
5.809, Ba, L_{g3}
5.816, Eu, L_{a2}
5.817, Eu, L_{h}
5.829, Nd, L_{b3}
5.846, Eu, L_{a1}
5.851, Pr, L_{b2}
5.888, Mn, K_{a2}
5.891, La, L_{g6}
5.893, Nd, L_{b6}
5.899, Mn, K_{a1}
5.943, Ho, L_{l}
5.947, Cr, K_{b1}
5.947, Cr, K_{b3}
5.957, Pm, L_{b4}
5.961, Pm, L_{b1}
5.987, Cr, K_{b5}
5.989, Cr, K_{b4}
6.026, Gd, L_{a2}
6.05, Gd, L_{h}
6.054, Ce, L_{g1}
6.058, Gd, L_{a1}
6.061, La, L_{g2}
6.071, Pm, L_{b3}
6.075, La, L_{g3}
6.09, Nd, L_{b2}
6.128, Pm, L_{b6}
6.151, Er, L_{l}
6.196, Sm, L_{b4}
6.206, Sm, L_{b1}
6.239, Tb, L_{a2}
6.266, Fe, K_{a3}
6.273, Tb, L_{a1}
6.284, Tb, L_{h}
6.317, Sm, L_{b3}
6.326, Ce, L_{g2}
6.327, Pr, L_{g1}
6.339, Pm, L_{b2}
6.341, Tm, L_{l}
6.342, Ce, L_{g3}
6.371, Sm, L_{b6}
6.391, Fe, K_{a2}
6.404, Fe, K_{a1}
6.438, Eu, L_{b4}
6.457, Eu, L_{b1}
6.458, Dy, L_{a2}
6.49, Mn, K_{b3}
6.49, Mn, K_{b1}
6.495, Dy, L_{a1}
6.534, Dy, L_{h}
6.536, Mn, K_{b5}
6.539, Mn, K_{b4}
6.545, Yb, L_{l}
6.571, Eu, L_{b3}
6.587, Sm, L_{b2}
6.598, Pr, L_{g2}
6.604, Nd, L_{g1}
6.617, Eu, L_{b6}
6.617, Pr, L_{g3}
6.68, Ho, L_{a2}
6.687, Gd, L_{b4}
6.713, Gd, L_{b1}
6.72, Ho, L_{a1}
6.753, Lu, L_{l}
6.783, Co, K_{a3}
6.79, Ho, L_{h}
6.832, Gd, L_{b3}
6.844, Eu, L_{b2}
6.867, Gd, L_{b6}
6.883, Nd, L_{g2}
6.892, Pm, L_{g1}
6.901, Nd, L_{g3}
6.905, Er, L_{a2}
6.915, Co, K_{a2}
6.93, Co, K_{a1}
6.94, Tb, L_{b4}
6.949, Er, L_{a1}
6.96, Hf, L_{l}
6.977, Tb, L_{b1}
7.058, Fe, K_{b3}
7.058, Fe, K_{b1}
7.058, Er, L_{h}
7.097, Tb, L_{b3}
7.102, Gd, L_{b2}
7.108, Fe, K_{b5}
7.112, Fe, K_{b4}
7.116, Tb, L_{b6}
7.133, Tm, L_{a2}
7.173, Ta, L_{l}
7.18, Tm, L_{a1}
7.183, Sm, L_{g1}
7.186, Pm, L_{g2}
7.186, Pm, L_{g3}
7.204, Dy, L_{b4}
7.243, Gd, L_{b5}
7.248, Dy, L_{b1}
7.31, Tm, L_{h}
7.325, Ni, K_{a3}
7.367, Yb, L_{a2}
7.367, Tb, L_{b2}
7.37, Dy, L_{b3}
7.374, Dy, L_{b6}
7.387, W, L_{l}
7.416, Yb, L_{a1}
7.461, Ni, K_{a2}
7.471, Sm, L_{g2}
7.471, Ho, L_{b4}
7.478, Ni, K_{a1}
7.484, Eu, L_{g1}
7.489, Sm, L_{g3}
7.526, Ho, L_{b1}
7.58, Yb, L_{h}
7.604, Re, L_{l}
7.605, Lu, L_{a2}
7.635, Ho, L_{b6}
7.636, Dy, L_{b2}
7.649, Co, K_{b3}
7.649, Co, K_{b1}
7.653, Ho, L_{b3}
7.656, Lu, L_{a1}
7.706, Co, K_{b5}
7.709, Co, K_{b4}
7.745, Er, L_{b4}
7.768, Eu, L_{g2}
7.79, Gd, L_{g1}
7.795, Eu, L_{g3}
7.811, Er, L_{b1}
7.822, Os, L_{l}
7.844, Hf, L_{a2}
7.857, Lu, L_{h}
7.883, Cu, K_{a3}
7.899, Hf, L_{a1}
7.909, Er, L_{b6}
7.91, Ho, L_{b2}
7.93, Gd, L_{g6}
7.939, Er, L_{b3}
8.026, Tm, L_{b4}
8.028, Cu, K_{a2}
8.042, Ir, L_{l}
8.048, Cu, K_{a1}
8.087, Gd, L_{g2}
8.088, Ta, L_{a2}
8.102, Tm, L_{b1}
8.105, Gd, L_{g3}
8.105, Tb, L_{g1}
8.139, Hf, L_{h}
8.146, Ta, L_{a1}
8.176, Tm, L_{b6}
8.186, Er, L_{b2}
8.231, Tm, L_{b3}
8.265, Ni, K_{b3}
8.265, Ni, K_{b1}
8.266, Pt, L_{l}
8.313, Yb, L_{b4}
8.329, Ni, K_{b5}
8.333, Ni, K_{b4}
8.335, W, L_{a2}
8.398, W, L_{a1}
8.398, Tb, L_{g2}
8.402, Yb, L_{b1}
8.423, Tb, L_{g3}
8.426, Dy, L_{g1}
8.428, Ta, L_{h}
8.456, Yb, L_{b6}
8.465, Zn, K_{a3}
8.468, Tm, L_{b2}
8.494, Au, L_{l}
8.537, Yb, L_{b3}
8.586, Re, L_{a2}
8.607, Lu, L_{b4}
8.616, Zn, K_{a2}
8.639, Zn, K_{a1}
8.652, Re, L_{a1}
8.709, Lu, L_{b1}
8.714, Dy, L_{g2}
8.722, Hg, L_{l}
8.724, W, L_{h}
8.738, Lu, L_{b6}
8.752, Yb, L_{b2}
8.753, Dy, L_{g3}
8.757, Ho, L_{g1}
8.84, Os, L_{a2}
8.847, Lu, L_{b3}
8.905, Cu, K_{b3}
8.905, Hf, L_{b4}
8.905, Cu, K_{b1}
8.911, Os, L_{a1}
8.953, Tl, L_{l}
8.977, Cu, K_{b5}
8.979, Cu, K_{b4}
9.023, Hf, L_{b6}
9.023, Hf, L_{b1}
9.027, Re, L_{h}
9.044, Lu, L_{b2}
9.051, Ho, L_{g2}
9.069, Ga, K_{a3}
9.088, Ho, L_{g3}
9.088, Er, L_{g1}
9.099, Ir, L_{a2}
9.163, Hf, L_{b3}
9.175, Ir, L_{a1}
9.184, Pb, L_{l}
9.213, Ta, L_{b4}
9.225, Ga, K_{a2}
9.24, Lu, L_{b5}
9.252, Ga, K_{a1}
9.316, Ta, L_{b6}
9.337, Os, L_{h}
9.342, Hf, L_{b2}
9.343, Ta, L_{b1}
9.362, Pt, L_{a2}
9.385, Er, L_{g2}
9.42, Bi, L_{l}
9.431, Er, L_{g3}
9.437, Tm, L_{g1}
9.443, Pt, L_{a1}
9.488, Ta, L_{b3}
9.525, W, L_{b4}
9.554, Hf, L_{b5}
9.572, Zn, K_{b1}
9.572, Zn, K_{b3}
9.612, W, L_{b6}
9.628, Au, L_{a2}
9.646, Ta, L_{b2}
9.65, Ir, L_{h}
9.651, Zn, K_{b5}
9.658, Po, L_{l}
9.659, Zn, K_{b4}
9.672, W, L_{b1}
9.689, Ge, K_{a3}
9.713, Au, L_{a1}
9.73, Tm, L_{g2}
9.779, Tm, L_{g3}
9.78, Yb, L_{g1}
9.819, W, L_{b3}
9.845, Re, L_{b4}
9.855, Ge, K_{a2}
9.875, Ta, L_{b5}
9.886, Ge, K_{a1}
9.897, At, L_{l}
9.899, Hg, L_{a2}
9.91, Re, L_{b6}
9.955, W, L_{b2}
9.975, Pt, L_{h}
9.989, Hg, L_{a1}
10.01, Re, L_{b1}
10.09, Yb, L_{g2}
10.137, Rn, L_{l}
10.143, Yb, L_{g3}
10.144, Lu, L_{g1}
10.159, Re, L_{b3}
10.172, Tl, L_{a2}
10.176, Os, L_{b4}
10.201, W, L_{b5}
10.217, Os, L_{b6}
10.26, Ga, K_{b3}
10.264, Ga, K_{b1}
10.268, Tl, L_{a1}
10.268, Re, L_{b2}
10.309, Au, L_{h}
10.34, As, K_{a3}
10.344, Lu, L_{g6}
10.35, Ga, K_{b5}
10.354, Os, L_{b1}
10.366, Ga, K_{b2}
10.367, Ga, K_{b4}
10.381, Fr, L_{l}
10.45, Pb, L_{a2}
10.46, Lu, L_{g2}
10.508, As, K_{a2}
10.51, Ir, L_{b4}
10.511, Lu, L_{g3}
10.511, Os, L_{b3}
10.516, Hf, L_{g1}
10.525, Ir, L_{b6}
10.532, Re, L_{b5}
10.544, As, K_{a1}
10.551, Pb, L_{a1}
10.59, Os, L_{b2}
10.622, Ra, L_{l}
10.647, Hg, L_{h}
10.708, Ir, L_{b1}
10.731, Bi, L_{a2}
10.733, Hf, L_{g6}
10.834, Hf, L_{g2}
10.839, Bi, L_{a1}
10.84, Pt, L_{b6}
10.854, Pt, L_{b4}
10.868, Ir, L_{b3}
10.871, Os, L_{b5}
10.871, Ac, L_{l}
10.89, Hf, L_{g3}
10.895, Ta, L_{g1}
10.912, Ir, L_{b2}
10.975, Ge, K_{b3}
10.982, Ge, K_{b1}
10.994, Tl, L_{h}
11.004, Se, K_{a3}
11.016, Po, L_{a2}
11.071, Pt, L_{b1}
11.074, Ge, K_{b5}
11.101, Ge, K_{b2}
11.103, Ge, K_{b4}
11.118, Th, L_{l}
11.13, Ta, L_{g6}
11.13, Po, L_{a1}
11.16, Au, L_{b6}
11.182, Se, K_{a2}
11.205, Au, L_{b4}
11.211, Ir, L_{b5}
11.217, Ta, L_{g2}
11.222, Se, K_{a1}
11.235, Pt, L_{b3}
11.242, Pt, L_{b2}
11.277, Ta, L_{g3}
11.285, W, L_{g1}
11.306, At, L_{a2}
11.349, Pb, L_{h}
11.372, Pa, L_{l}
11.426, At, L_{a1}
11.442, Au, L_{b1}
11.481, Hg, L_{b6}
11.538, W, L_{g6}
11.561, Hg, L_{b4}
11.562, Pt, L_{b5}
11.576, Au, L_{b2}
11.598, Rn, L_{a2}
11.608, W, L_{g2}
11.61, Au, L_{b3}
11.62, U, L_{l}
11.675, W, L_{g3}
11.685, Re, L_{g1}
11.692, Br, K_{a3}
11.712, Bi, L_{h}
11.72, As, K_{b3}
11.726, As, K_{b1}
11.726, Rn, L_{a1}
11.812, Tl, L_{b6}
11.824, Hg, L_{b1}
11.826, As, K_{b5}
11.864, As, K_{b2}
11.867, As, K_{b4}
11.871, Np, L_{l}
11.878, Br, K_{a2}
11.896, Fr, L_{a2}
11.915, Hg, L_{b2}
11.916, Au, L_{b5}
11.924, Br, K_{a1}
11.931, Tl, L_{b4}
11.955, Re, L_{g6}
11.992, Hg, L_{b3}
12.009, Re, L_{g2}
12.031, Fr, L_{a1}
12.082, Re, L_{g3}
12.085, Po, L_{h}
12.096, Os, L_{g1}
12.124, Pu, L_{l}
12.142, Pb, L_{b6}
12.196, Ra, L_{a2}
12.213, Tl, L_{b1}
12.261, Tl, L_{b2}
12.275, Hg, L_{b5}
12.307, Pb, L_{b4}
12.339, Ra, L_{a1}
12.385, Os, L_{g6}
12.39, Tl, L_{b3}
12.405, Kr, K_{a3}
12.422, Os, L_{g2}
12.466, At, L_{h}
12.48, Bi, L_{b6}
12.49, Se, K_{b3}
12.496, Se, K_{b1}
12.5, Ac, L_{a2}
12.5, Os, L_{g3}
12.513, Ir, L_{g1}
12.598, Kr, K_{a2}
12.601, Se, K_{b5}
12.611, Pb, L_{b2}
12.614, Pb, L_{b1}
12.633, Cm, L_{l}
12.643, Tl, L_{b5}
12.651, Ac, L_{a1}
12.651, Kr, K_{a1}
12.652, Se, K_{b2}
12.658, Se, K_{b4}
12.691, Bi, L_{b4}
12.794, Pb, L_{b3}
12.809, Th, L_{a2}
12.82, Ir, L_{g6}
12.823, Po, L_{b6}
12.841, Ir, L_{g2}
12.855, Rn, L_{h}
12.89, Bk, L_{l}
12.924, Ir, L_{g3}
12.942, Pt, L_{g1}
12.967, Bi, L_{b2}
12.968, Th, L_{a1}
13.015, Pb, L_{b5}
13.023, Bi, L_{b1}
13.084, Po, L_{b4}
13.127, Pa, L_{a2}
13.135, Rb, K_{a3}
13.146, Cf, L_{l}
13.169, At, L_{b6}
13.211, Bi, L_{b3}
13.255, Fr, L_{h}
13.271, Pt, L_{g6}
13.273, Pt, L_{g2}
13.284, Br, K_{b3}
13.291, Pa, L_{a1}
13.292, Br, K_{b1}
13.328, Po, L_{b2}
13.336, Rb, K_{a2}
13.361, Pt, L_{g3}
13.377, Am, L_{l}
13.382, Au, L_{g1}
13.393, Bi, L_{b5}
13.395, Rb, K_{a1}
13.403, Es, L_{l}
13.404, Br, K_{b5}
13.442, U, L_{a2}
13.443, Po, L_{b1}
13.469, Br, K_{b2}
13.474, Br, K_{b4}
13.488, At, L_{b4}
13.52, Rn, L_{b6}
13.618, U, L_{a1}
13.635, Po, L_{b3}
13.66, Fm, L_{l}
13.662, Ra, L_{h}
13.694, At, L_{b2}
13.709, Au, L_{g2}
13.731, Au, L_{g6}
13.761, Np, L_{a2}
13.778, Po, L_{b5}
13.807, Au, L_{g3}
13.83, Hg, L_{g1}
13.875, At, L_{b1}
13.877, Fr, L_{b6}
13.888, Sr, K_{a3}
13.898, Rn, L_{b4}
13.916, Md, L_{l}
13.946, Np, L_{a1}
14.066, Rn, L_{b2}
14.073, At, L_{b3}
14.082, Ac, L_{h}
14.087, Pu, L_{a2}
14.098, Sr, K_{a2}
14.104, Kr, K_{b3}
14.111, Kr, K_{b1}
14.158, Hg, L_{g2}
14.165, Sr, K_{a1}
14.168, At, L_{b5}
14.173, No, L_{l}
14.199, Hg, L_{g6}
14.231, Kr, K_{b5}
14.236, Ra, L_{b6}
14.262, Hg, L_{g3}
14.282, Pu, L_{a1}
14.291, Tl, L_{g1}
14.311, Kr, K_{b2}
14.316, Rn, L_{b1}
14.319, Fr, L_{b4}
14.326, Kr, K_{b4}
14.429, Lr, L_{l}
14.443, Fr, L_{b2}
14.511, Th, L_{h}
14.519, Rn, L_{b3}
14.564, Rn, L_{b5}
14.601, Ac, L_{b6}
14.625, Tl, L_{g2}
14.666, Y, K_{a3}
14.683, Tl, L_{g6}
14.738, Tl, L_{g3}
14.746, Cm, L_{a2}
14.746, Rf, L_{l}
14.749, Ra, L_{b4}
14.765, Pb, L_{g1}
14.77, Fr, L_{b1}
14.825, Ra, L_{b2}
14.883, Y, K_{a2}
14.952, Rb, K_{b3}
14.953, Pa, L_{h}
14.958, Y, K_{a1}
14.961, Rb, K_{b1}
14.961, Cm, L_{a1}
14.967, Fr, L_{b5}
14.97, Th, L_{b6}
14.978, Fr, L_{b3}
15.082, Bk, L_{a2}
15.089, Rb, K_{b5}
15.097, Pb, L_{g2}
15.178, Pb, L_{g6}
15.185, Rb, K_{b2}
15.191, Ac, L_{b4}
15.2, Rb, K_{b4}
15.212, Ac, L_{b2}
15.216, Pb, L_{g3}
15.236, Ra, L_{b1}
15.247, Bi, L_{g1}
15.308, Bk, L_{a1}
15.35, Pa, L_{b6}
15.375, Ra, L_{b5}
15.4, U, L_{h}
15.414, Am, L_{a2}
15.423, Cf, L_{a2}
15.447, Ra, L_{b3}
15.466, Zr, K_{a3}
15.582, Bi, L_{g2}
15.605, Th, L_{b2}
15.62, Am, L_{a1}
15.641, Th, L_{b4}
15.66, Cf, L_{a1}
15.685, Bi, L_{g6}
15.691, Zr, K_{a2}
15.709, Bi, L_{g3}
15.711, Ac, L_{b1}
15.727, U, L_{b6}
15.742, Po, L_{g1}
15.767, Es, L_{a2}
15.775, Zr, K_{a1}
15.79, Ac, L_{b5}
15.825, Sr, K_{b3}
15.836, Sr, K_{b1}
15.861, Np, L_{h}
15.931, Ac, L_{b3}
15.971, Sr, K_{b5}
16.007, Pa, L_{b2}
16.016, Es, L_{a1}
16.077, Po, L_{g2}
16.085, Sr, K_{b2}
16.104, Pa, L_{b4}
16.105, Sr, K_{b4}
16.109, Np, L_{b6}
16.116, Fm, L_{a2}
16.202, Th, L_{b1}
16.203, Po, L_{g6}
16.209, Th, L_{b5}
16.213, Po, L_{g3}
16.249, At, L_{g1}
16.288, Nb, K_{a3}
16.333, Pu, L_{h}
16.377, Fm, L_{a1}
16.41, U, L_{b2}
16.426, Th, L_{b3}
16.467, Md, L_{a2}
16.498, Pu, L_{b6}
16.521, Nb, K_{a2}
16.577, U, L_{b4}
16.585, At, L_{g2}
16.615, Nb, K_{a1}
16.639, Pa, L_{b5}
16.708, Pa, L_{b1}
16.726, Y, K_{b3}
16.731, At, L_{g3}
16.735, At, L_{g6}
16.738, Y, K_{b1}
16.741, Md, L_{a1}
16.77, Rn, L_{g1}
16.816, Np, L_{b2}
16.819, Am, L_{h}
16.823, No, L_{a2}
16.88, Y, K_{b5}
16.931, Pa, L_{b3}
17.013, Y, K_{b2}
17.036, Y, K_{b4}
17.061, Np, L_{b4}
17.068, U, L_{b5}
17.104, Rn, L_{g2}
17.11, No, L_{a1}
17.134, Mo, K_{a3}
17.183, Lr, L_{a2}
17.222, U, L_{b1}
17.235, Pu, L_{b2}
17.258, Rn, L_{g3}
17.28, Rn, L_{g6}
17.286, Cm, L_{b6}
17.302, Fr, L_{g1}
17.314, Cm, L_{h}
17.374, Mo, K_{a2}
17.454, U, L_{b3}
17.479, Mo, K_{a1}
17.483, Lr, L_{a1}
17.505, Np, L_{b5}
17.557, Pu, L_{b4}
17.571, Rf, L_{a2}
17.635, Fr, L_{g2}
17.653, Zr, K_{b3}
17.667, Zr, K_{b1}
17.687, Bk, L_{b6}
17.751, Np, L_{b1}
17.8, Fr, L_{g3}
17.816, Zr, K_{b5}
17.826, Bk, L_{h}
17.839, Fr, L_{g6}
17.848, Ra, L_{g1}
17.89, Am, L_{b6}
17.893, Rf, L_{a1}
17.949, Pu, L_{b5}
17.969, Zr, K_{b2}
17.992, Np, L_{b3}
17.995, Zr, K_{b4}
18.002, Tc, K_{a3}
18.069, Am, L_{b4}
18.081, Cm, L_{b2}
18.094, Cf, L_{b6}
18.177, Ra, L_{g2}
18.251, Tc, K_{a2}
18.296, Pu, L_{b1}
18.347, Cf, L_{h}
18.353, Ra, L_{g3}
18.367, Tc, K_{a1}
18.405, Ac, L_{g1}
18.412, Ra, L_{g6}
18.501, Es, L_{b6}
18.508, Bk, L_{b2}
18.541, Pu, L_{b3}
18.589, Cm, L_{b4}
18.607, Nb, K_{b3}
18.623, Nb, K_{b1}
18.656, Am, L_{b2}
18.734, Ac, L_{g2}
18.78, Nb, K_{b5}
18.853, Cm, L_{b5}
18.856, Am, L_{b1}
18.884, Es, L_{h}
18.893, Ru, K_{a3}
18.916, Fm, L_{b6}
18.922, Ac, L_{g3}
18.946, Cf, L_{b2}
18.952, Nb, K_{b2}
18.98, Th, L_{g1}
18.982, Nb, K_{b4}
18.997, Ac, L_{g6}
19.11, Am, L_{b3}
19.118, Bk, L_{b4}
19.15, Ru, K_{a2}
19.279, Ru, K_{a1}
19.304, Th, L_{g2}
19.311, Bk, L_{b5}
19.332, Md, L_{b6}
19.387, Es, L_{b2}
19.399, Am, L_{b5}
19.427, Cm, L_{b1}
19.433, Fm, L_{h}
19.505, Th, L_{g3}
19.571, Pa, L_{g1}
19.59, Mo, K_{b3}
19.599, Th, L_{g6}
19.607, Mo, K_{b1}
19.665, Cf, L_{b4}
19.688, Cm, L_{b3}
19.754, No, L_{b6}
19.771, Mo, K_{b5}
19.778, Cf, L_{b5}
19.808, Rh, K_{a3}
19.834, Fm, L_{b2}
19.888, Pa, L_{g2}
19.965, Mo, K_{b2}
19.998, Md, L_{h}
19.998, Mo, K_{b4}
20.018, Bk, L_{b1}
20.074, Rh, K_{a2}
20.101, Pa, L_{g3}
20.169, U, L_{g1}
20.179, Lr, L_{b6}
20.216, Rh, K_{a1}
20.217, Pa, L_{g6}
20.224, Es, L_{b4}
20.25, Es, L_{b5}
20.28, Bk, L_{b3}
20.287, Md, L_{b2}
20.487, U, L_{g2}
20.577, No, L_{h}
20.599, Tc, K_{b3}
20.619, Tc, K_{b1}
20.624, Cf, L_{b1}
20.67, Rf, L_{b6}
20.715, U, L_{g3}
20.727, Fm, L_{b5}
20.743, No, L_{b2}
20.746, Pd, K_{a3}
20.784, Np, L_{g1}
20.789, Tc, K_{b5}
20.798, Fm, L_{b4}
20.844, U, L_{g6}
20.894, Cf, L_{b3}
21.005, Tc, K_{b2}
21.02, Pd, K_{a2}
21.042, Tc, K_{b4}
21.099, Np, L_{g2}
21.173, Lr, L_{h}
21.177, Pd, K_{a1}
21.207, Lr, L_{b2}
21.211, Md, L_{b5}
21.248, Es, L_{b1}
21.342, Np, L_{g3}
21.386, Md, L_{b4}
21.42, Pu, L_{g1}
21.491, Np, L_{g6}
21.523, Es, L_{b3}
21.634, Ru, K_{b3}
21.657, Ru, K_{b1}
21.699, No, L_{b5}
21.708, Ag, K_{a3}
21.716, Rf, L_{b2}
21.724, Pu, L_{g2}
21.825, Rf, L_{h}
21.836, Ru, K_{b5}
21.889, Fm, L_{b1}
21.981, Pu, L_{g3}
21.99, No, L_{b4}
21.99, Ag, K_{a2}
22.072, Am, L_{g1}
22.074, Ru, K_{b2}
22.115, Ru, K_{b4}
22.153, Pu, L_{g6}
22.163, Ag, K_{a1}
22.169, Fm, L_{b3}
22.195, Lr, L_{b5}
22.37, Am, L_{g2}
22.549, Md, L_{b1}
22.609, Lr, L_{b4}
22.643, Am, L_{g3}
22.693, Cd, K_{a3}
22.699, Rh, K_{b3}
22.724, Rh, K_{b1}
22.726, Rf, L_{b5}
22.735, Cm, L_{g1}
22.835, Md, L_{b3}
22.836, Am, L_{g6}
22.911, Rh, K_{b5}
22.984, Cd, K_{a2}
23.028, Cm, L_{g2}
23.143, Rf, L_{b4}
23.172, Rh, K_{b2}
23.174, Cd, K_{a1}
23.217, Rh, K_{b4}
23.227, No, L_{b1}
23.319, Cm, L_{g3}
23.416, Bk, L_{g1}
23.519, No, L_{b3}
23.527, Cm, L_{g6}
23.698, Bk, L_{g2}
23.702, In, K_{a3}
23.791, Pd, K_{b3}
23.819, Pd, K_{b1}
23.927, Lr, L_{b1}
24.002, In, K_{a2}
24.007, Bk, L_{g3}
24.013, Pd, K_{b5}
24.117, Cf, L_{g1}
24.21, In, K_{a1}
24.223, Lr, L_{b3}
24.241, Bk, L_{g6}
24.299, Pd, K_{b2}
24.349, Pd, K_{b4}
24.39, Cf, L_{g2}
24.65, Rf, L_{b1}
24.718, Cf, L_{g3}
24.735, Sn, K_{a3}
24.836, Es, L_{g1}
24.872, Rf, L_{b3}
24.912, Ag, K_{b3}
24.943, Ag, K_{b1}
24.971, Cf, L_{g6}
25.044, Sn, K_{a2}
25.099, Es, L_{g2}
25.144, Ag, K_{b5}
25.271, Sn, K_{a1}
25.446, Es, L_{g3}
25.455, Ag, K_{b2}
25.511, Ag, K_{b4}
25.574, Fm, L_{g1}
25.723, Es, L_{g6}
25.793, Sb, K_{a3}
25.825, Fm, L_{g2}
26.061, Cd, K_{b3}
26.095, Cd, K_{b1}
26.111, Sb, K_{a2}
26.195, Fm, L_{g3}
26.304, Cd, K_{b5}
26.333, Md, L_{g1}
26.359, Sb, K_{a1}
26.492, Fm, L_{g6}
26.571, Md, L_{g2}
26.644, Cd, K_{b2}
26.702, Cd, K_{b4}
26.875, Te, K_{a3}
26.963, Md, L_{g3}
27.11, No, L_{g1}
27.202, Te, K_{a2}
27.238, In, K_{b3}
27.276, In, K_{b1}
27.284, Md, L_{g6}
27.336, No, L_{g2}
27.472, Te, K_{a1}
27.493, In, K_{b5}
27.752, No, L_{g3}
27.862, In, K_{b2}
27.911, Lr, L_{g1}
27.924, In, K_{b4}
27.981, I, K_{a3}
28.094, No, L_{g6}
28.12, Lr, L_{g2}
28.317, I, K_{a2}
28.444, Sn, K_{b3}
28.486, Sn, K_{b1}
28.56, Lr, L_{g3}
28.612, I, K_{a1}
28.711, Sn, K_{b5}
28.753, Rf, L_{g1}
28.846, Rf, L_{g2}
28.929, Lr, L_{g6}
29.111, Sn, K_{b2}
29.112, Xe, K_{a3}
29.176, Sn, K_{b4}
29.327, Rf, L_{g3}
29.461, Xe, K_{a2}
29.679, Sb, K_{b3}
29.726, Sb, K_{b1}
29.782, Xe, K_{a1}
29.796, Rf, L_{g6}
29.959, Sb, K_{b5}
30.27, Cs, K_{a3}
30.393, Sb, K_{b2}
30.46, Sb, K_{b4}
30.625, Cs, K_{a2}
30.944, Te, K_{b3}
30.973, Cs, K_{a1}
30.995, Te, K_{b1}
31.237, Te, K_{b5}
31.452, Ba, K_{a3}
31.704, Te, K_{b2}
31.774, Te, K_{b4}
31.817, Ba, K_{a2}
32.194, Ba, K_{a1}
32.239, I, K_{b3}
32.295, I, K_{b1}
32.544, I, K_{b5}
32.658, La, K_{a3}
33.034, La, K_{a2}
33.047, I, K_{b2}
33.12, I, K_{b4}
33.442, La, K_{a1}
33.562, Xe, K_{b3}
33.624, Xe, K_{b1}
33.881, Xe, K_{b5}
33.894, Ce, K_{a3}
34.279, Ce, K_{a2}
34.419, Xe, K_{b2}
34.496, Xe, K_{b4}
34.72, Ce, K_{a1}
34.92, Cs, K_{b3}
34.987, Cs, K_{b1}
35.156, Pr, K_{a3}
35.252, Cs, K_{b5}
35.55, Pr, K_{a2}
35.818, Cs, K_{b2}
35.907, Cs, K_{b4}
36.026, Pr, K_{a1}
36.304, Ba, K_{b3}
36.378, Ba, K_{b1}
36.443, Nd, K_{a3}
36.652, Ba, K_{b5}
36.847, Nd, K_{a2}
37.255, Ba, K_{b2}
37.349, Ba, K_{b4}
37.361, Nd, K_{a1}
37.72, La, K_{b3}
37.756, Pm, K_{a3}
37.801, La, K_{b1}
38.084, La, K_{b5}
38.171, Pm, K_{a2}
38.725, Pm, K_{a1}
38.726, La, K_{b2}
38.826, La, K_{b4}
39.097, Sm, K_{a3}
39.17, Ce, K_{b3}
39.258, Ce, K_{b1}
39.522, Sm, K_{a2}
39.551, Ce, K_{b5}
40.118, Sm, K_{a1}
40.228, Ce, K_{b2}
40.333, Ce, K_{b4}
40.467, Eu, K_{a3}
40.653, Pr, K_{b3}
40.748, Pr, K_{b1}
40.902, Eu, K_{a2}
41.05, Pr, K_{b5}
41.542, Eu, K_{a1}
41.764, Pr, K_{b2}
41.864, Gd, K_{a3}
41.877, Pr, K_{b4}
42.166, Nd, K_{b3}
42.271, Nd, K_{b1}
42.309, Gd, K_{a2}
42.58, Nd, K_{b5}
42.996, Gd, K_{a1}
43.288, Tb, K_{a3}
43.335, Nd, K_{b2}
43.451, Nd, K_{b4}
43.713, Pm, K_{b3}
43.744, Tb, K_{a2}
43.827, Pm, K_{b1}
44.145, Pm, K_{b5}
44.482, Tb, K_{a1}
44.743, Dy, K_{a3}
44.942, Pm, K_{b2}
45.064, Pm, K_{b4}
45.208, Dy, K_{a2}
45.294, Sm, K_{b3}
45.414, Sm, K_{b1}
45.741, Sm, K_{b5}
45.998, Dy, K_{a1}
46.223, Ho, K_{a3}
46.578, Sm, K_{b2}
46.7, Ho, K_{a2}
46.705, Sm, K_{b4}
46.905, Eu, K_{b3}
47.038, Eu, K_{b1}
47.373, Eu, K_{b5}
47.547, Ho, K_{a1}
47.734, Er, K_{a3}
48.221, Er, K_{a2}
48.249, Eu, K_{b2}
48.386, Eu, K_{b4}
48.551, Gd, K_{b3}
48.695, Gd, K_{b1}
49.038, Gd, K_{b5}
49.128, Er, K_{a1}
49.274, Tm, K_{a3}
49.773, Tm, K_{a2}
49.959, Gd, K_{b2}
50.099, Gd, K_{b4}
50.228, Tb, K_{b3}
50.384, Tb, K_{b1}
50.738, Tb, K_{b5}
50.742, Tm, K_{a1}
50.846, Yb, K_{a3}
51.354, Yb, K_{a2}
51.698, Tb, K_{b2}
51.849, Tb, K_{b4}
51.947, Dy, K_{b3}
52.113, Dy, K_{b1}
52.389, Yb, K_{a1}
52.443, Lu, K_{a3}
52.475, Dy, K_{b5}
52.965, Lu, K_{a2}
53.476, Dy, K_{b2}
53.634, Dy, K_{b4}
53.695, Ho, K_{b3}
53.876, Ho, K_{b1}
54.07, Lu, K_{a1}
54.08, Hf, K_{a3}
54.246, Ho, K_{b5}
54.611, Hf, K_{a2}
55.293, Ho, K_{b2}
55.457, Ho, K_{b4}
55.48, Er, K_{b3}
55.674, Er, K_{b1}
55.735, Ta, K_{a3}
55.79, Hf, K_{a1}
56.054, Er, K_{b5}
56.28, Ta, K_{a2}
57.142, Er, K_{b2}
57.3, Tm, K_{b3}
57.313, Er, K_{b4}
57.425, W, K_{a3}
57.505, Tm, K_{b1}
57.535, Ta, K_{a1}
57.898, Tm, K_{b5}
57.981, W, K_{a2}
59.028, Tm, K_{b2}
59.15, Re, K_{a3}
59.159, Yb, K_{b3}
59.21, Tm, K_{b4}
59.318, W, K_{a1}
59.382, Yb, K_{b1}
59.718, Re, K_{a2}
59.78, Yb, K_{b5}
60.903, Os, K_{a3}
60.962, Yb, K_{b2}
61.05, Lu, K_{b3}
61.141, Re, K_{a1}
61.141, Yb, K_{b4}
61.29, Lu, K_{b1}
61.486, Os, K_{a2}
61.7, Lu, K_{b5}
62.693, Ir, K_{a3}
62.929, Lu, K_{b2}
62.985, Hf, K_{b3}
63.0, Os, K_{a1}
63.114, Lu, K_{b4}
63.243, Hf, K_{b1}
63.287, Ir, K_{a2}
63.662, Hf, K_{b5}
64.514, Pt, K_{a3}
64.896, Ir, K_{a1}
64.942, Hf, K_{b2}
64.948, Ta, K_{b3}
65.122, Pt, K_{a2}
65.132, Hf, K_{b4}
65.222, Ta, K_{b1}
65.652, Ta, K_{b5}
66.372, Au, K_{a3}
66.831, Pt, K_{a1}
66.95, W, K_{b3}
66.982, Ta, K_{b2}
66.991, Au, K_{a2}
67.181, Ta, K_{b4}
67.244, W, K_{b1}
67.685, W, K_{b5}
68.263, Hg, K_{a3}
68.806, Au, K_{a1}
68.894, Hg, K_{a2}
68.995, Re, K_{b3}
69.067, W, K_{b2}
69.273, W, K_{b4}
69.309, Re, K_{b1}
69.76, Re, K_{b5}
70.184, Tl, K_{a3}
70.818, Hg, K_{a1}
70.833, Tl, K_{a2}
71.079, Os, K_{b3}
71.195, Re, K_{b2}
71.409, Re, K_{b4}
71.414, Os, K_{b1}
71.875, Os, K_{b5}
72.144, Pb, K_{a3}
72.805, Pb, K_{a2}
72.873, Tl, K_{a1}
73.202, Ir, K_{b3}
73.363, Os, K_{b2}
73.56, Ir, K_{b1}
73.59, Os, K_{b4}
74.033, Ir, K_{b5}
74.138, Bi, K_{a3}
74.815, Bi, K_{a2}
74.969, Pb, K_{a1}
75.368, Pt, K_{b3}
75.575, Ir, K_{b2}
75.749, Pt, K_{b1}
75.808, Ir, K_{b4}
76.172, Po, K_{a3}
76.233, Pt, K_{b5}
76.863, Po, K_{a2}
77.107, Bi, K_{a1}
77.577, Au, K_{b3}
77.831, Pt, K_{b2}
77.982, Au, K_{b1}
78.073, Pt, K_{b4}
78.242, At, K_{a3}
78.477, Au, K_{b5}
78.948, At, K_{a2}
79.29, Po, K_{a1}
79.824, Hg, K_{b3}
80.13, Au, K_{b2}
80.255, Hg, K_{b1}
80.349, Rn, K_{a3}
80.382, Au, K_{b4}
80.762, Hg, K_{b5}
81.069, Rn, K_{a2}
81.517, At, K_{a1}
82.115, Tl, K_{b3}
82.473, Hg, K_{b2}
82.496, Fr, K_{a3}
82.574, Tl, K_{b1}
82.733, Hg, K_{b4}
83.093, Tl, K_{b5}
83.231, Fr, K_{a2}
83.787, Rn, K_{a1}
84.45, Pb, K_{b3}
84.683, Ra, K_{a3}
84.865, Tl, K_{b2}
84.938, Pb, K_{b1}
85.134, Tl, K_{b4}
85.431, Ra, K_{a2}
85.47, Pb, K_{b5}
86.105, Fr, K_{a1}
86.83, Bi, K_{b3}
86.91, Ac, K_{a3}
87.3, Pb, K_{b2}
87.349, Bi, K_{b1}
87.58, Pb, K_{b4}
87.675, Ac, K_{a2}
87.892, Bi, K_{b5}
88.471, Ra, K_{a1}
89.178, Th, K_{a3}
89.256, Po, K_{b3}
89.784, Bi, K_{b2}
89.807, Po, K_{b1}
89.957, Th, K_{a2}
90.074, Bi, K_{b4}
90.363, Po, K_{b5}
90.886, Ac, K_{a1}
91.491, Pa, K_{a3}
91.73, At, K_{b3}
92.282, Pa, K_{a2}
92.315, At, K_{b1}
92.317, Po, K_{b2}
92.618, Po, K_{b4}
92.883, At, K_{b5}
93.35, Th, K_{a1}
93.844, U, K_{a3}
94.247, Rn, K_{b3}
94.654, U, K_{a2}
94.868, Rn, K_{b1}
94.9, At, K_{b2}
95.211, At, K_{b4}
95.449, Rn, K_{b5}
95.863, Pa, K_{a1}
96.242, Np, K_{a3}
96.815, Fr, K_{b3}
97.069, Np, K_{a2}
97.474, Fr, K_{b1}
97.53, Rn, K_{b2}
97.853, Rn, K_{b4}
98.068, Fr, K_{b5}
98.434, U, K_{a1}
98.687, Pu, K_{a3}
99.432, Ra, K_{b3}
99.525, Pu, K_{a2}
100.13, Ra, K_{b1}
100.214, Fr, K_{b2}
100.548, Fr, K_{b4}
100.739, Ra, K_{b5}
101.059, Np, K_{a1}
101.174, Am, K_{a3}
102.03, Am, K_{a2}
102.101, Ac, K_{b3}
102.841, Ac, K_{b1}
102.948, Ra, K_{b2}
103.296, Ra, K_{b4}
103.461, Ac, K_{b5}
103.715, Cm, K_{a3}
103.734, Pu, K_{a1}
104.59, Cm, K_{a2}
104.819, Th, K_{b3}
105.472, Am, K_{a1}
105.604, Th, K_{b1}
105.738, Ac, K_{b2}
106.098, Ac, K_{b4}
106.239, Th, K_{b5}
106.3, Bk, K_{a3}
107.185, Bk, K_{a2}
107.595, Pa, K_{b3}
108.422, Pa, K_{b1}
108.583, Th, K_{b2}
108.929, Cf, K_{a3}
108.955, Th, K_{b4}
109.072, Pa, K_{b5}
109.271, Cm, K_{a1}
109.831, Cf, K_{a2}
110.421, U, K_{b3}
111.298, U, K_{b1}
111.486, Pa, K_{b2}
111.614, Es, K_{a3}
111.87, Pa, K_{b4}
111.964, U, K_{b5}
112.121, Bk, K_{a1}
112.531, Es, K_{a2}
113.303, Np, K_{b3}
114.234, Np, K_{b1}
114.352, Fm, K_{a3}
114.445, U, K_{b2}
114.844, U, K_{b4}
114.912, Np, K_{b5}
115.032, Cf, K_{a1}
115.285, Fm, K_{a2}
116.244, Pu, K_{b3}
117.228, Pu, K_{b1}
117.463, Np, K_{b2}
117.875, Np, K_{b4}
117.919, Pu, K_{b5}
118.012, Es, K_{a1}
118.139, Md, K_{a3}
119.088, Md, K_{a2}
119.243, Am, K_{b3}
119.987, No, K_{a3}
120.284, Am, K_{b1}
120.539, Pu, K_{b2}
120.953, No, K_{a2}
120.969, Pu, K_{b4}
120.989, Am, K_{b5}
121.058, Fm, K_{a1}
122.304, Cm, K_{b3}
122.887, Lr, K_{a3}
123.403, Cm, K_{b1}
123.681, Am, K_{b2}
123.867, Lr, K_{a2}
124.124, Cm, K_{b5}
124.128, Am, K_{b4}
125.17, Md, K_{a1}
125.407, Rf, K_{a3}
125.418, Bk, K_{b3}
126.302, Rf, K_{a2}
126.58, Bk, K_{b1}
126.888, Cm, K_{b2}
127.316, Bk, K_{b5}
127.352, Cm, K_{b4}
127.357, No, K_{a1}
128.594, Cf, K_{b3}
129.823, Cf, K_{b1}
130.152, Bk, K_{b2}
130.574, Cf, K_{b5}
130.611, Lr, K_{a1}
130.63, Bk, K_{b4}
131.838, Es, K_{b3}
133.137, Es, K_{b1}
133.381, Rf, K_{a1}
133.483, Cf, K_{b2}
133.904, Es, K_{b5}
133.979, Cf, K_{b4}
135.15, Fm, K_{b3}
136.521, Fm, K_{b1}
136.886, Es, K_{b2}
137.304, Fm, K_{b5}
137.399, Es, K_{b4}
139.525, Md, K_{b3}
140.362, Fm, K_{b2}
140.893, Fm, K_{b4}
140.974, Md, K_{b1}
141.774, Md, K_{b5}
141.977, No, K_{b3}
143.506, No, K_{b1}
144.323, No, K_{b5}
144.906, Md, K_{b2}
145.456, Md, K_{b4}
145.496, Lr, K_{b3}
147.11, Lr, K_{b1}
147.531, No, K_{b2}
147.944, Lr, K_{b5}
148.1, No, K_{b4}
148.55, Rf, K_{b3}
150.279, Rf, K_{b1}
151.113, Rf, K_{b5}
151.227, Lr, K_{b2}
151.818, Lr, K_{b4}
154.493, Rf, K_{b2}
155.097, Rf, K_{b4}
